{"coef": [111.41421445476068, -7392.016052951528, 958.005669845079, 0.7009944572663133, 0.10872488217072934, -1439.1698990247955], "intercept": -1787712.5391584274}