{"coef": [-810.475542938447, 1450.4938887100543, 85.32859774162817, 0.6168980928177916, -2.7422991134091035, -12.273707837977591, 177.18064449960957, 65.13570595209674], "intercept": -145289.56610101883}